CustomerID,Gender,Age,Annual Income (k$),Spending Score (1-100),Gender_Encoded,Cluster,Segment
1,Male,41,100,57,0,1,Premium Customers
2,Female,69,71,7,1,2,Careful Spenders
3,Female,28,43,65,1,3,Budget Customers
4,Female,66,92,13,1,2,Careful Spenders
5,Male,25,106,99,0,1,Premium Customers
6,Male,53,83,9,0,2,Careful Spenders
7,Male,55,61,69,0,4,Average Customers
8,Female,57,127,27,1,2,Careful Spenders
9,Female,37,108,61,1,1,Premium Customers
10,Female,52,124,5,1,2,Careful Spenders
11,Male,65,76,29,0,2,Careful Spenders
12,Female,42,130,56,1,1,Premium Customers
13,Female,52,83,38,1,4,Average Customers
14,Male,42,90,38,0,4,Average Customers
15,Male,46,30,8,0,0,Budget Customers
16,Male,35,104,60,0,1,Premium Customers
17,Male,63,104,22,0,2,Careful Spenders
18,Female,35,62,71,1,1,Premium Customers
19,Male,19,99,76,0,1,Premium Customers
20,Male,52,53,26,0,0,Budget Customers
21,Female,33,114,84,1,1,Premium Customers
22,Male,58,47,64,0,4,Average Customers
23,Male,53,108,4,0,2,Careful Spenders
24,Male,50,115,36,0,2,Careful Spenders
25,Female,21,37,6,1,3,Budget Customers
26,Female,50,136,31,1,2,Careful Spenders
27,Male,31,24,19,0,3,Budget Customers
28,Female,38,132,98,1,1,Premium Customers
29,Female,65,83,27,1,2,Careful Spenders
30,Male,37,114,69,0,1,Premium Customers
31,Female,25,48,45,1,3,Budget Customers
32,Male,24,66,38,0,3,Budget Customers
33,Male,20,109,98,0,1,Premium Customers
34,Female,34,24,3,1,3,Budget Customers
35,Female,50,136,13,1,2,Careful Spenders
36,Female,65,33,28,1,0,Budget Customers
37,Male,29,72,39,0,3,Budget Customers
38,Male,68,110,28,0,2,Careful Spenders
39,Female,39,15,8,1,0,Budget Customers
40,Female,39,134,98,1,1,Premium Customers
41,Male,63,83,1,0,2,Careful Spenders
42,Female,47,123,3,1,2,Careful Spenders
43,Male,55,18,13,0,0,Budget Customers
44,Female,55,30,28,1,0,Budget Customers
45,Male,62,38,25,0,0,Budget Customers
46,Female,68,94,33,1,2,Careful Spenders
47,Male,25,133,97,0,1,Premium Customers
48,Female,44,16,6,1,0,Budget Customers
49,Female,44,127,63,1,1,Premium Customers
50,Male,51,106,32,0,2,Careful Spenders
51,Female,38,46,64,1,4,Average Customers
52,Female,47,105,21,1,2,Careful Spenders
53,Female,50,98,16,1,2,Careful Spenders
54,Female,45,38,21,1,0,Budget Customers
55,Female,64,26,11,1,0,Budget Customers
56,Female,50,64,56,1,4,Average Customers
57,Male,22,49,55,0,3,Budget Customers
58,Male,65,138,35,0,2,Careful Spenders
59,Male,36,47,38,0,3,Budget Customers
60,Male,21,47,39,0,3,Budget Customers
61,Male,52,75,18,0,2,Careful Spenders
62,Male,66,65,66,0,4,Average Customers
63,Female,34,57,60,1,3,Budget Customers
64,Male,61,115,14,0,2,Careful Spenders
65,Male,45,26,15,0,0,Budget Customers
66,Female,47,81,31,1,4,Average Customers
67,Male,46,79,1,0,2,Careful Spenders
68,Female,63,47,72,1,4,Average Customers
69,Male,23,54,73,0,3,Budget Customers
70,Female,52,88,3,1,2,Careful Spenders
71,Female,58,57,35,1,4,Average Customers
72,Male,54,58,42,0,4,Average Customers
73,Male,41,43,30,0,3,Budget Customers
74,Female,46,27,12,1,0,Budget Customers
75,Female,66,26,10,1,0,Budget Customers
76,Female,63,109,32,1,2,Careful Spenders
77,Female,48,60,35,1,4,Average Customers
78,Male,52,16,8,0,0,Budget Customers
79,Male,50,139,38,0,2,Careful Spenders
80,Male,69,129,12,0,2,Careful Spenders
81,Female,38,128,83,1,1,Premium Customers
82,Female,49,49,47,1,4,Average Customers
83,Male,40,101,72,0,1,Premium Customers
84,Male,50,95,8,0,2,Careful Spenders
85,Male,20,104,87,0,1,Premium Customers
86,Male,35,22,36,0,3,Budget Customers
87,Female,42,107,45,1,2,Careful Spenders
88,Female,59,40,27,1,0,Budget Customers
89,Female,48,88,28,1,2,Careful Spenders
90,Female,20,104,87,1,1,Premium Customers
91,Male,57,48,56,0,4,Average Customers
92,Female,63,129,36,1,2,Careful Spenders
93,Female,41,119,46,1,1,Premium Customers
94,Female,67,21,17,1,0,Budget Customers
95,Female,49,82,9,1,2,Careful Spenders
96,Female,64,72,33,1,4,Average Customers
97,Female,39,131,79,1,1,Premium Customers
98,Male,40,128,32,0,2,Careful Spenders
99,Male,19,123,87,0,1,Premium Customers
100,Male,44,89,67,0,4,Average Customers
101,Male,59,43,48,0,4,Average Customers
102,Female,19,134,72,1,1,Premium Customers
103,Male,43,50,65,0,4,Average Customers
104,Female,34,103,94,1,1,Premium Customers
105,Female,57,35,6,1,0,Budget Customers
106,Male,50,139,18,0,2,Careful Spenders
107,Male,26,135,64,0,1,Premium Customers
108,Female,60,50,66,1,4,Average Customers
109,Male,65,24,25,0,0,Budget Customers
110,Male,56,115,2,0,2,Careful Spenders
111,Male,46,87,10,0,2,Careful Spenders
112,Male,59,38,30,0,0,Budget Customers
113,Female,43,78,69,1,4,Average Customers
114,Female,52,113,5,1,2,Careful Spenders
115,Female,67,63,74,1,4,Average Customers
116,Female,42,113,52,1,1,Premium Customers
117,Female,41,126,73,1,1,Premium Customers
118,Male,30,50,20,0,3,Budget Customers
119,Female,24,96,77,1,1,Premium Customers
120,Female,53,127,32,1,2,Careful Spenders
121,Female,62,117,11,1,2,Careful Spenders
122,Female,37,110,80,1,1,Premium Customers
123,Male,18,38,26,0,3,Budget Customers
124,Male,25,37,25,0,3,Budget Customers
125,Male,63,76,22,0,2,Careful Spenders
126,Male,33,110,86,0,1,Premium Customers
127,Female,31,51,68,1,3,Budget Customers
128,Female,29,26,13,1,3,Budget Customers
129,Male,68,127,33,0,2,Careful Spenders
130,Female,40,69,53,1,4,Average Customers
131,Male,32,27,41,0,3,Budget Customers
132,Male,45,37,35,0,0,Budget Customers
133,Male,51,103,1,0,2,Careful Spenders
134,Male,19,113,80,0,1,Premium Customers
135,Female,49,119,6,1,2,Careful Spenders
136,Male,40,44,47,0,3,Budget Customers
137,Female,39,31,17,1,3,Budget Customers
138,Female,68,127,5,1,2,Careful Spenders
139,Male,42,76,50,0,4,Average Customers
140,Female,39,98,64,1,1,Premium Customers
141,Female,39,126,97,1,1,Premium Customers
142,Male,66,103,3,0,2,Careful Spenders
143,Female,69,100,23,1,2,Careful Spenders
144,Male,59,27,37,0,0,Budget Customers
145,Male,23,73,72,0,1,Premium Customers
146,Male,32,33,37,0,3,Budget Customers
147,Female,60,63,29,1,4,Average Customers
148,Female,54,114,10,1,2,Careful Spenders
149,Male,50,26,19,0,0,Budget Customers
150,Male,25,75,36,0,3,Budget Customers
151,Female,61,119,21,1,2,Careful Spenders
152,Male,61,33,14,0,0,Budget Customers
153,Male,22,90,68,0,1,Premium Customers
154,Female,56,23,1,1,0,Budget Customers
155,Female,21,85,72,1,1,Premium Customers
156,Male,23,42,23,0,3,Budget Customers
157,Female,62,92,1,1,2,Careful Spenders
158,Female,49,109,32,1,2,Careful Spenders
159,Male,69,66,53,0,4,Average Customers
160,Female,47,97,28,1,2,Careful Spenders
161,Male,64,136,31,0,2,Careful Spenders
162,Female,52,125,8,1,2,Careful Spenders
163,Female,57,30,39,1,0,Budget Customers
164,Female,69,131,26,1,2,Careful Spenders
165,Male,33,83,93,0,1,Premium Customers
166,Female,30,113,62,1,1,Premium Customers
167,Male,67,26,12,0,0,Budget Customers
168,Male,59,39,1,0,0,Budget Customers
169,Male,47,66,73,0,4,Average Customers
170,Female,36,137,64,1,1,Premium Customers
171,Female,34,99,89,1,1,Premium Customers
172,Male,36,114,89,0,1,Premium Customers
173,Female,45,67,36,1,4,Average Customers
174,Male,43,37,23,0,0,Budget Customers
175,Female,54,30,15,1,0,Budget Customers
176,Male,43,71,56,0,4,Average Customers
177,Female,40,53,40,1,3,Budget Customers
178,Male,26,123,73,0,1,Premium Customers
179,Female,29,67,21,1,3,Budget Customers
180,Male,18,56,30,0,3,Budget Customers
181,Male,18,72,70,0,1,Premium Customers
182,Male,64,53,58,0,4,Average Customers
183,Female,51,28,38,1,0,Budget Customers
184,Female,49,109,34,1,2,Careful Spenders
185,Male,65,136,38,0,2,Careful Spenders
186,Female,42,19,34,1,3,Budget Customers
187,Female,57,49,37,1,4,Average Customers
188,Female,62,101,30,1,2,Careful Spenders
189,Female,18,107,74,1,1,Premium Customers
190,Male,33,121,86,0,1,Premium Customers
191,Male,56,89,34,0,2,Careful Spenders
192,Female,22,32,38,1,3,Budget Customers
193,Female,39,125,92,1,1,Premium Customers
194,Female,46,90,24,1,2,Careful Spenders
195,Male,20,23,15,0,3,Budget Customers
196,Male,29,88,89,0,1,Premium Customers
197,Female,43,72,74,1,4,Average Customers
198,Female,33,122,76,1,1,Premium Customers
199,Female,68,31,5,1,0,Budget Customers
200,Female,54,139,29,1,2,Careful Spenders
